[
    {
        "model": "task_manager.responsibility",
        "pk": 1,
        "fields": {
            "description": "Develop and maintain backend services"
        }
    },
    {
        "model": "task_manager.responsibility",
        "pk": 2,
        "fields": {
            "description": "Lead the product development team"
        }
    },
    {
        "model": "task_manager.responsibility",
        "pk": 3,
        "fields": {
            "description": "Ensure database security and optimization"
        }
    },
    {
        "model": "task_manager.responsibility",
        "pk": 4,
        "fields": {
            "description": "Manage cloud infrastructure"
        }
    },
    {
        "model": "task_manager.responsibility",
        "pk": 5,
        "fields": {
            "description": "Conduct code reviews and mentoring"
        }
    },
    {
        "model": "task_manager.responsibility",
        "pk": 6,
        "fields": {
            "description": "Develop UI components"
        }
    },
    {
        "model": "task_manager.responsibility",
        "pk": 7,
        "fields": {
            "description": "Handle customer support inquiries"
        }
    },
    {
        "model": "task_manager.responsibility",
        "pk": 8,
        "fields": {
            "description": "Manage project timelines and deliverables"
        }
    },
    {
        "model": "task_manager.responsibility",
        "pk": 9,
        "fields": {
            "description": "Write and maintain technical documentation"
        }
    },
    {
        "model": "task_manager.responsibility",
        "pk": 10,
        "fields": {
            "description": "Optimize website performance and SEO"
        }
    },
    {
        "model": "task_manager.responsibility",
        "pk": 11,
        "fields": {
            "description": "Implement security best practices"
        }
    },
    {
        "model": "task_manager.responsibility",
        "pk": 12,
        "fields": {
            "description": "Oversee software deployment and CI/CD processes"
        }
    },
    {
        "model": "task_manager.responsibility",
        "pk": 13,
        "fields": {
            "description": "Develop and execute marketing strategies"
        }
    },
    {
        "model": "task_manager.responsibility",
        "pk": 14,
        "fields": {
            "description": "Conduct user experience research"
        }
    },
    {
        "model": "task_manager.responsibility",
        "pk": 15,
        "fields": {
            "description": "Create wireframes and prototypes"
        }
    },
    {
        "model": "task_manager.responsibility",
        "pk": 16,
        "fields": {
            "description": "Perform penetration testing"
        }
    },
    {
        "model": "task_manager.responsibility",
        "pk": 17,
        "fields": {
            "description": "Optimize database queries for performance"
        }
    },
    {
        "model": "task_manager.responsibility",
        "pk": 18,
        "fields": {
            "description": "Develop and test mobile applications"
        }
    },
    {
        "model": "task_manager.responsibility",
        "pk": 19,
        "fields": {
            "description": "Analyze and interpret data insights"
        }
    },
    {
        "model": "task_manager.responsibility",
        "pk": 20,
        "fields": {
            "description": "Manage customer relationships and feedback"
        }
    },
    {
        "model": "task_manager.responsibility",
        "pk": 21,
        "fields": {
            "description": "Write automated tests for software applications"
        }
    },
    {
        "model": "task_manager.responsibility",
        "pk": 22,
        "fields": {
            "description": "Monitor system uptime and performance"
        }
    },
    {
        "model": "task_manager.responsibility",
        "pk": 23,
        "fields": {
            "description": "Maintain corporate IT infrastructure"
        }
    },
    {
        "model": "task_manager.responsibility",
        "pk": 24,
        "fields": {
            "description": "Provide technical support for employees"
        }
    },
    {
        "model": "task_manager.responsibility",
        "pk": 25,
        "fields": {
            "description": "Collaborate with external vendors and partners"
        }
    },
    {
        "model": "task_manager.responsibility",
        "pk": 26,
        "fields": {
            "description": "Develop company-wide technology policies"
        }
    },
    {
        "model": "task_manager.responsibility",
        "pk": 27,
        "fields": {
            "description": "Manage data privacy compliance (e.g., GDPR)"
        }
    },
    {
        "model": "task_manager.responsibility",
        "pk": 28,
        "fields": {
            "description": "Ensure compliance with accessibility standards"
        }
    },
    {
        "model": "task_manager.responsibility",
        "pk": 29,
        "fields": {
            "description": "Develop and execute content strategies"
        }
    },
    {
        "model": "task_manager.responsibility",
        "pk": 30,
        "fields": {
            "description": "Evaluate and integrate new technologies"
        }
    },
    {
        "model": "task_manager.responsibility",
        "pk": 31,
        "fields": {
            "description": "Oversee employee training and skill development"
        }
    },
    {
        "model": "task_manager.responsibility",
        "pk": 32,
        "fields": {
            "description": "Manage software licensing and procurement"
        }
    },
    {
        "model": "task_manager.responsibility",
        "pk": 33,
        "fields": {
            "description": "Perform risk assessment and mitigation planning"
        }
    },
    {
        "model": "task_manager.responsibility",
        "pk": 34,
        "fields": {
            "description": "Coordinate cross-team communication"
        }
    },
    {
        "model": "task_manager.responsibility",
        "pk": 35,
        "fields": {
            "description": "Ensure regulatory compliance for software products"
        }
    },
    {
        "model": "task_manager.responsibility",
        "pk": 36,
        "fields": {
            "description": "Develop API documentation and integration guides"
        }
    },
    {
        "model": "task_manager.responsibility",
        "pk": 37,
        "fields": {
            "description": "Monitor and prevent cybersecurity threats"
        }
    },
    {
        "model": "task_manager.responsibility",
        "pk": 38,
        "fields": {
            "description": "Facilitate Agile and Scrum processes"
        }
    },
    {
        "model": "task_manager.position",
        "pk": 1,
        "fields": {
            "name": "Software Engineer",
            "responsibilities": [1, 3, 5, 12, 17]
        }
    },
    {
        "model": "task_manager.position",
        "pk": 2,
        "fields": {
            "name": "Backend Developer",
            "responsibilities": [2, 8, 14, 20, 23, 30]
        }
    },
    {
        "model": "task_manager.position",
        "pk": 3,
        "fields": {
            "name": "Frontend Developer",
            "responsibilities": [6, 9, 13, 18, 25]
        }
    },
    {
        "model": "task_manager.position",
        "pk": 4,
        "fields": {
            "name": "Full Stack Developer",
            "responsibilities": [4, 7, 11, 16, 22, 27]
        }
    },
    {
        "model": "task_manager.position",
        "pk": 5,
        "fields": {
            "name": "DevOps Engineer",
            "responsibilities": [7, 15, 19, 21, 26]
        }
    },
    {
        "model": "task_manager.position",
        "pk": 6,
        "fields": {
            "name": "QA Engineer",
            "responsibilities": [5, 12, 28, 31]
        }
    },
    {
        "model": "task_manager.position",
        "pk": 7,
        "fields": {
            "name": "Product Manager",
            "responsibilities": [6, 13, 29, 32]
        }
    },
    {
        "model": "task_manager.position",
        "pk": 8,
        "fields": {
            "name": "Project Manager",
            "responsibilities": [14, 20]
        }
    },
    {
        "model": "task_manager.position",
        "pk": 9,
        "fields": {
            "name": "Data Scientist",
            "responsibilities": [33]
        }
    },
    {
        "model": "task_manager.position",
        "pk": 10,
        "fields": {
            "name": "Business Analyst",
            "responsibilities": [4, 11, 16, 22, 35]
        }
    },
    {
        "model": "task_manager.position",
        "pk": 11,
        "fields": {
            "name": "UI/UX Designer",
            "responsibilities": [7, 15, 19, 26, 36]
        }
    },
    {
        "model": "task_manager.position",
        "pk": 12,
        "fields": {
            "name": "Cybersecurity Specialist",
            "responsibilities": []
        }
    },
    {
        "model": "task_manager.position",
        "pk": 13,
        "fields": {
            "name": "Cloud Engineer",
            "responsibilities": [7, 10, 15, 21, 26]
        }
    },
    {
        "model": "task_manager.position",
        "pk": 14,
        "fields": {
            "name": "AI/ML Engineer",
            "responsibilities": [2, 8, 14, 20, 30]
        }
    },
    {
        "model": "task_manager.position",
        "pk": 15,
        "fields": {
            "name": "System Administrator",
            "responsibilities": [3, 11, 16, 22, 38]
        }
    },
    {
        "model": "task_manager.position",
        "pk": 16,
        "fields": {
            "name": "Technical Support Specialist",
            "responsibilities": [1, 3, 5, 12, 17, 24]
        }
    },
    {
        "model": "task_manager.position",
        "pk": 17,
        "fields": {
            "name": "Database Administrator",
            "responsibilities": [10, 18, 21, 33]
        }
    },
    {
        "model": "task_manager.position",
        "pk": 18,
        "fields": {
            "name": "Mobile Developer",
            "responsibilities": [4, 11, 16, 22, 27]
        }
    },
    {
        "model": "task_manager.position",
        "pk": 19,
        "fields": {
            "name": "Embedded Systems Engineer",
            "responsibilities": [2, 8, 14, 23]
        }
    },
    {
        "model": "task_manager.position",
        "pk": 20,
        "fields": {
            "name": "Scrum Master",
            "responsibilities": [6, 18, 25]
        }
    },
    {
        "model": "task_manager.position",
        "pk": 21,
        "fields": {
            "name": "Chief Technology Officer",
            "responsibilities": [1, 2, 8, 14, 20, 23]
        }
    },
    {
        "model": "task_manager.worker",
        "pk": 1,
        "fields": {
            "username": "Admin",
            "first_name": "Victor",
            "last_name": "Derek",
            "email": "admin@gmail.com",
            "position": 21,
            "level": 4,
            "is_superuser": true,
            "is_staff": true,
            "is_active": true,
            "password": "pbkdf2_sha256$870000$Xfjm3hFaEbvXUc48o0vTKX$/LJv+r6jkeQvcSfXqaDt4kuqkTYV2lVeyhwOGOo4i84="
        }
    },
    {
        "model": "task_manager.worker",
        "pk": 2,
        "fields": {
            "username": "asmith",
            "first_name": "Alice",
            "last_name": "Smith",
            "email": "asmith@yahoo.com",
            "position": 5,
            "level": 2
        }
    },
    {
        "model": "task_manager.worker",
        "pk": 3,
        "fields": {
            "username": "bwayne",
            "first_name": "Bruce",
            "last_name": "Wayne",
            "email": "bwayne@wayneenterprises.com",
            "position": 3,
            "level": 3
        }
    },
    {
        "model": "task_manager.worker",
        "pk": 4,
        "fields": {
            "username": "ckent",
            "first_name": "Clark",
            "last_name": "Kent",
            "email": "ckent@dailyplanet.com",
            "position": 6,
            "level": 1
        }
    },
    {
        "model": "task_manager.worker",
        "pk": 5,
        "fields": {
            "username": "dpeters",
            "first_name": "Diana",
            "last_name": "Peters",
            "email": "dpeters@amazon.com",
            "position": 5,
            "level": 4
        }
    },
    {
        "model": "task_manager.worker",
        "pk": 6,
        "fields": {
            "username": "robby",
            "first_name": "Robert",
            "last_name": "Martinez",
            "email": "marty221@company.com",
            "position": 12,
            "level": 2
        }
    },
    {
        "model": "task_manager.worker",
        "pk": 7,
        "fields": {
            "username": "daemon",
            "first_name": "David",
            "last_name": "Brown",
            "email": "david_brown@company.com",
            "position": 19,
            "level": 0
        }
    },
    {
        "model": "task_manager.worker",
        "pk": 8,
        "fields": {
            "username": "jdoe",
            "first_name": "John",
            "last_name": "Doe",
            "email": "jdoe@gmail.com",
            "position": 7,
            "level": 3
        }
    },
    {
        "model": "task_manager.team",
        "pk": 1,
        "fields": {
            "name": "DevOps",
            "description": "Team working on specialized tasks",
            "members": [5, 2]
        }
    },
    {
        "model": "task_manager.team",
        "pk": 2,
        "fields": {
            "name": "Customer Support",
            "description": "Team working on specialized tasks",
            "members": [6, 8]
        }
    },
    {
        "model": "task_manager.team",
        "pk": 3,
        "fields": {
            "name": "AI Research",
            "description": "Team working on specialized tasks",
            "members": [1, 6]
        }
    },
    {
        "model": "task_manager.team",
        "pk": 4,
        "fields": {
            "name": "Bravo",
            "description": "Team working on specialized tasks",
            "members": [3, 4, 7]
        }
    },
    {
        "model": "task_manager.project",
        "pk": 1,
        "fields": {
            "name": "E-commerce Platform",
            "description": "An online store with multiple vendors and payment integrations.",
            "start_date": "2024-12-24",
            "deadline": "2023-11-09",
            "is_completed": false,
            "is_completed_in_time": 0
        }
    },
    {
        "model": "task_manager.project",
        "pk": 2,
        "fields": {
            "name": "AI Chatbot",
            "description": "A chatbot that uses NLP to interact with customers.",
            "start_date": "2025-11-18",
            "deadline": "2025-07-31",
            "is_completed": false,
            "is_completed_in_time": -1
        }
    },
    {
        "model": "task_manager.project",
        "pk": 3,
        "fields": {
            "name": "Financial Dashboard",
            "description": "A dashboard for real-time financial analytics.",
            "start_date": "2024-03-28",
            "deadline": "2023-09-19",
            "is_completed": true,
            "is_completed_in_time": 1
        }
    },
    {
        "model": "task_manager.project",
        "pk": 4,
        "fields": {
            "name": "Social Media App",
            "description": "A mobile app that connects people based on shared interests.",
            "start_date": "2022-01-11",
            "deadline": "2024-12-15",
            "is_completed": true,
            "is_completed_in_time": -1
        }
    },
    {
        "model": "task_manager.project",
        "pk": 5,
        "fields": {
            "name": "Cybersecurity Suite",
            "description": "An enterprise security software with real-time threat detection.",
            "start_date": "2022-02-28",
            "deadline": "2024-05-10",
            "is_completed": false,
            "is_completed_in_time": 1
        }
    },
    {
        "model": "task_manager.task",
        "pk": 1,
        "fields": {
            "name": "Implement User Authentication",
            "description": "Set up OAuth2 and JWT authentication.",
            "start_time": "2024-07-28 00:00:00",
            "deadline": "2025-04-13 00:00:00",
            "priority": 3,
            "is_completed": true,
            "project": 1,
            "created_by": 4
        }
    },
    {
        "model": "task_manager.task",
        "pk": 2,
        "fields": {
            "name": "Design Landing Page",
            "description": "Create a responsive landing page for the website.",
            "start_time": "2023-09-22 00:00:00",
            "deadline": "2024-02-05 00:00:00",
            "priority": 4,
            "is_completed": true,
            "project": 1,
            "created_by": 5
        }
    },
    {
        "model": "task_manager.task",
        "pk": 3,
        "fields": {
            "name": "Deploy Application",
            "description": "Automate CI/CD pipeline for deployment.",
            "start_time": "2024-12-31 00:00:00",
            "deadline": "2024-06-08 00:00:00",
            "priority": 5,
            "is_completed": false,
            "project": 1,
            "created_by": 4
        }
    },
    {
        "model": "task_manager.task",
        "pk": 4,
        "fields": {
            "name": "Optimize Database Queries",
            "description": "Improve SQL queries for faster response times.",
            "start_time": "2025-01-06 00:00:00",
            "deadline": "2025-01-30 00:00:00",
            "priority": 2,
            "is_completed": false,
            "project": 4,
            "created_by": 5
        }
    },
    {
        "model": "task_manager.task",
        "pk": 5,
        "fields": {
            "name": "Write Unit Tests",
            "description": "Ensure code coverage with automated tests.",
            "start_time": "2023-07-08 00:00:00",
            "deadline": "2023-11-09 00:00:00",
            "priority": 3,
            "is_completed": true,
            "project": 1,
            "created_by": 3
        }
    },
    {
        "model": "task_manager.tasktype",
        "pk": 1,
        "fields": {"name": "Bug Fix"}
    },
    {
        "model": "task_manager.tasktype",
        "pk": 2,
        "fields": {"name": "Feature Development"}
    },
    {
        "model": "task_manager.tasktype",
        "pk": 3,
        "fields": {"name": "Code Review"}
    },
    {
        "model": "task_manager.tasktype",
        "pk": 4,
        "fields": {"name": "Refactoring"}
    },
    {
        "model": "task_manager.tasktype",
        "pk": 5,
        "fields": {"name": "Testing"}
    },
    {
        "model": "task_manager.tasktype",
        "pk": 6,
        "fields": {"name": "Documentation"}
    },
    {
        "model": "task_manager.tasktype",
        "pk": 7,
        "fields": {"name": "Deployment"}
    },
    {
        "model": "task_manager.tasktype",
        "pk": 8,
        "fields": {"name": "Security Audit"}
    },
    {
        "model": "task_manager.tasktype",
        "pk": 9,
        "fields": {"name": "Performance Optimization"}
    },
    {
        "model": "task_manager.tasktype",
        "pk": 10,
        "fields": {"name": "Database Migration"}
    },
    {
        "model": "task_manager.tasktype",
        "pk": 11,
        "fields": {"name": "API Development"}
    },
    {
        "model": "task_manager.tasktype",
        "pk": 12,
        "fields": {"name": "UI/UX Improvement"}
    },
    {
        "model": "task_manager.tasktype",
        "pk": 13,
        "fields": {"name": "User Feedback Handling"}
    },
    {
        "model": "task_manager.tasktype",
        "pk": 14,
        "fields": {"name": "Server Maintenance"}
    },
    {
        "model": "task_manager.tasktype",
        "pk": 15,
        "fields": {"name": "System Integration"}
    },
    {
        "model": "task_manager.tasktype",
        "pk": 16,
        "fields": {"name": "Monitoring and Logging"}
    },
    {
        "model": "task_manager.tasktype",
        "pk": 17,
        "fields": {"name": "Infrastructure Setup"}
    },
    {
        "model": "task_manager.tasktype",
        "pk": 18,
        "fields": {"name": "Penetration Testing"}
    },
    {
        "model": "task_manager.tasktype",
        "pk": 19,
        "fields": {"name": "Legal Compliance Check"}
    },
    {
        "model": "task_manager.tasktype",
        "pk": 20,
        "fields": {"name": "Data Analysis"}
    }
]
